Domain (Y-Axis)\Model Kinds (X-Axis),Motivation (Mv),Taxonomy (Tx),Structure (Sr),Connectivity (Cn),Processes (Pr),States (St),Sequences (Sq),Information (If),Parameters (Pm),Constraints (Ct),Roadmap (Rm),Traceability (Tr)
Architecture Management (Am),Architecture Principles (Am-Mv),Architecture Extensions (Am-Tx),Architecture Views (Am-Sr),Architecture References (Am-Cn),Architecture Development Method (Am-Pr),Architecture Status (Am-St),<EMPTY>,Dictionary (Am-If),Architecture Parameters (Am-Pm),Architecture Constraints (Am-Ct),Architecture Roadmap (Am-Rm),Architecture Traceability (Am-Tr)
Summary & Overview (Sm-Ov),Summary & Overview (Sm-Ov),Summary & Overview (Sm-Ov),Summary & Overview (Sm-Ov),Summary & Overview (Sm-Ov),Summary & Overview (Sm-Ov),Summary & Overview (Sm-Ov),Summary & Overview (Sm-Ov),Summary & Overview (Sm-Ov),Summary & Overview (Sm-Ov),Summary & Overview (Sm-Ov),Summary & Overview (Sm-Ov),Summary & Overview (Sm-Ov)
Strategic (St),Strategic Motivation (St-Mv),Strategic Taxonomy (St-Tx),Strategic Structure (St-Sr),Strategic Connectivity (St-Cn),Strategic Processes (St-Pr),Strategic States (St-St),<EMPTY>,Strategic Information (St-If),Environment / Measurements / Risks (En-Pm-E / Me-Pm-M / Rk-Pm-R),Strategic Constraints (St-Ct),Strategic Deployment / Strategic Phasing (St-Rm-D / St-Rm-P),Strategic Traceability (St-Tr)
Operational (Op),Requirements (Rq-Mv),Operational Taxonomy (Op-Tx),Operational Structure (Op-Sr),Operational Connectivity (Op-Cn),Operational Processes (Op-Pr),Operational States (Op-St),Operational Sequences (Op-Sq),Operational Information (Op-If),Environment / Measurements / Risks (En-Pm-E / Me-Pm-M / Rk-Pm-R),Operational Constraints (Op-Ct),<EMPTY>,Operational Traceability (Op-Tr)
Services  (Sv),Requirements (Rq-Mv),Services Taxonomy (Sv-Tx),Services Structure (Sv-Sr),Services Connectivity (Sv-Cn),Services Processes (Sv-Pr),Services States (Sv-St),Services Sequences (Sv-Sq),Operational Information (Op-If),Environment / Measurements / Risks (En-Pm-E / Me-Pm-M / Rk-Pm-R),Services Constraints (Sv-Ct),Services Roadmap (Sv-Rm),Services Traceability (Sv-Tr)
Personnel (Ps),Requirements (Rq-Mv),Personnel Taxonomy (Ps-Tx),Personnel Structure (Ps-Sr),Personnel Connectivity (Ps-Cn),Personnel Processes (Ps-Pr),Personnel States (Ps-St),Personnel Sequences (Ps-Sq),Resources Information (Rs-If),Environment / Measurements / Risks (En-Pm-E / Me-Pm-M / Rk-Pm-R),Competence / Drivers / Performance (Ps-Ct),Personnel Availability / Personnel Evolution / Personnel Forecast (Ps-Rm-A / Ps-Rm-E / Ps-Rm-F),Personnel Traceability (Ps-Tr)
Resources (Rs),Requirements (Rq-Mv),Resources Taxonomy (Rs-Tx),Resources Structure (Rs-Sr),Resources Connectivity (Rs-Cn),Resources Processes (Rs-Pr),Resources States (Rs-St),Resources Sequences (Rs-Sq),Resources Information (Rs-If),Environment / Measurements / Risks (En-Pm-E / Me-Pm-M / Rk-Pm-R),Resources Constraints (Rs-Ct),Resources Evolution / Forecast (Rs-Rm-E / Rs-Rm-F),Resources Traceability (Rs-Tr)
Security (Sc),Security Controls (Sc-Mv),Security Taxonomy (Sc-Tx),Security Structure (Sc-Sr),Security Connectivity (Sc-Cn),Security Processes (Sc-Pr),<EMPTY>,<EMPTY>,Resources Information (Rs-If),Environment / Measurements / Risks (En-Pm-E / Me-Pm-M / Rk-Pm-R),Security Constraints (Sc-Ct),<EMPTY>,Security Traceability (Sc-Tr)
Projects (Pj),<EMPTY>,Projects Taxonomy (Pj-Tx),Projects Structure (Pj-Sr),Projects Connectivity (Pj-Cn),Projects Processes (Pj-Pr),<EMPTY>,<EMPTY>,<EMPTY>,Environment / Measurements / Risks (En-Pm-E / Me-Pm-M / Rk-Pm-R),<EMPTY>,Projects Roadmap (Pj-Rm),Projects Traceability (Pj-Tr)
Standards (Sd),<EMPTY>,Standards Taxonomy (Sd-Tx),Standards Structure (Sd-Sr),<EMPTY>,<EMPTY>,<EMPTY>,<EMPTY>,<EMPTY>,<EMPTY>,<EMPTY>,Standards Roadmap (Sd-Rm),Standards Traceability (Sd-Tr)
Actual Resources (Ar),<EMPTY>,<EMPTY>,Actual Resources Structure (Ar-Sr),Actual Resources Connectivity (Ar-Cn),Simulation,Simulation,Simulation,<EMPTY>,<EMPTY>,Parametric Execution/Evaluation,<EMPTY>,<EMPTY>
